"Metacritic";"Steam"
"Zpeciation: Tough Days";"Zpeciation: Tough Days (TD)"
"ZombieZoid Zenith";"ZombieZoid® Zenith"
"Zeno Clash II";"Zeno Clash 2"
"Zenerchi";"Zenerchi®"
"You Don't Know Jack: Volume 4 - The Ride";"YOU DON'T KNOW JACK Vol. 4 The Ride"
"You Don't Know Jack: Volume 3";"YOU DON'T KNOW JACK Vol. 3"
"You Don't Know Jack Volume 2";"YOU DON'T KNOW JACK Vol. 2"
"Yosumin!";"Yosumin!™"
"XIII Century: Gold Edition";"XIII Century – Gold Edition"
"Xeodrifter";"Xeodrifter™"
"Xenus 2: White Gold";"Xenus 2. White gold."
"XCOM 2";"XCOM® 2"
"X-Tension";"X: Tension"
"World War One";"World War I"
"World of Subways 4 - New York Line 7";"World of Subways 4 – New York Line 7"
"Wizards & Warriors";"Wizards and Warlords"
"Whack a Vote: Hammering the Polls";"Whack-a-Vote: Hammering the Polls"
"Westward IV: All Aboard";"Westward® IV: All Aboard"
"Werewolves Within";"Werewolves Within™"
"Wedding Dash 2: Rings Around the World";"Wedding Dash® 2: Rings Around the World"
"Weapons of Mythology: New Age";"Weapons of Mythology - New Age -"
"Watch Dogs 2";"Watch_Dogs® 2"
"Watch Dogs";"Watch_Dogs™"
"Warp Ball";"WarpBall"
"Warhammer Online: Age of Reckoning";"Warhammer Online®: Age of Reckoning™"
"Warhammer 40,000: Dawn of War II - Chaos Rising";"Warhammer® 40,000: Dawn of War® II Chaos Rising"
"Warhammer 40,000: Dawn of War - Winter Assault";"Warhammer 40,000: Dawn of War III"
"Warhammer 40,000: Dawn of War - Soulstorm";"Warhammer 40,000: Dawn of War III"
"Warface 2017: Turkiye";"Warface 2017: Türkiye"
"Wandering Willows";"Wandering Willows™"
"Vietnam '65";"Vietnam ‘65"
"Velocity Ultra";"Velocity®Ultra"
"Vegas: Make It Big";"Vegas: Make It Big™"
"Vancouver 2010 - The Official Video Game of the Olympic Winter Games";"Vancouver 2010™ - The Official Video Game of the Olympic Winter Games"
"Valkyria Chronicles";"Valkyria Chronicles™"
"Valerie Porter and the Scarlet Scandal";"Valerie Porter and the Scarlet Scandal™"
"Unheard Screams: King Leopold II rule over the Congo";"Unheard Screams - King Leopold II's Rule Over The Congo"
"Ultra Street Fighter IV";"Ultra Street Fighter® IV"
"Typer Shark Deluxe";"Typer Shark! Deluxe"
"Turbo Dismount";"Turbo Dismount™"
"TRIP:Steam Edition";"TRIP Steam Edition"
"TriJinx: A Kristine Kross Mystery";"TriJinx: A Kristine Kross Mystery™"
"Trials Fusion";"Trials Fusion™"
"Transformers: War for Cybertron";"Transformers™: War for Cybertron™"
"Transformers: Rise of the Dark Spark";"TRANSFORMERS™: Rise of the Dark Spark"
"Transformers: Fall of Cybertron";"Transformers™: Fall of Cybertron™"
"Trainz Simulator: Classic Cabon City";"Trainz: Classic Cabon City"
"Trainz Simulator 12";"Trainz™ Simulator 12"
"Train Sim World: CSX Heavy Haul";"Train Sim World®: CSX Heavy Haul"
"Trackmania Turbo";"Trackmania® Turbo"
"Tower 3D";"Tower!3D"
"Total War: Rome II - Emperor Edition";"Total War™: ROME II - Emperor Edition"
"Tony Hawk's Pro Skater HD";"Tony Hawk’s Pro Skater® HD"
"Tomb Raider: Chronicles";"Tomb Raider V: Chronicles"
"Tom Clancy's The Division";"Tom Clancy’s The Division™"
"Tom Clancy's Splinter Cell: Double Agent";"Tom Clancy's Splinter Cell Double Agent®"
"Tom Clancy's Splinter Cell";"Tom Clancy's Splinter Cell®"
"Tom Clancy's Rainbow Six: Vegas 2";"Tom Clancy's Rainbow Six® Vegas 2"
"Tom Clancy's Rainbow Six: Vegas";"Tom Clancy's Rainbow Six® Vegas"
"Tom Clancy's Rainbow Six Siege";"Tom Clancy's Rainbow Six® Siege"
"Tom Clancy's HAWX 2";"Tom Clancy's H.A.W.X.® 2"
"Tom Clancy's Ghost Recon: Wildlands";"Tom Clancy's Ghost Recon® Wildlands"
"Tom Clancy's Ghost Recon: Island Thunder";"Tom Clancy's Ghost Recon® Island Thunder™"
"Tom Clancy's Ghost Recon: Future Soldier";"Tom Clancy's Ghost Recon: Future Soldier™"
"Tom Clancy's Ghost Recon: Desert Siege";"Tom Clancy's Ghost Recon® Desert Siege™"
"Tom Clancy's Ghost Recon";"Tom Clancy's Ghost Recon®"
"Tom Clancy's EndWar";"Tom Clancy's EndWar™"
"Toki Tori 2 +";"140"
"TNN Motor Sports Hardcore TR";"TNN Motorsports Hardcore TR"
"Tiny & Big: Grandpa's Leftovers";"Tiny and Big: Grandpa's Leftovers"
"Through Abandoned 2: The Forest";"Through Abandoned 2. The Forest"
"Thrillville: Off the Rails";"Thrillville®: Off the Rails™"
"Thief II: The Metal Age";"Thief™ II: The Metal Age"
"theHunter: Call of the Wild";"theHunter: Call of the Wild™"
"The Wizard's Pen";"The Wizard's Pen™"
"The Witcher 3: Wild Hunt";"The Witcher® 3: Wild Hunt"
"The Walking Dead: The Telltale Series - A New Frontier";"The Walking Dead: A New Frontier"
"The Stalin Subway: The Red Veil";"The Stalin Subway: Red Veil"
"The Sparkle ZERO";"Sparkle ZERO"
"The Sparkle 3: Genesis";"Sparkle 3 Genesis"
"The Sparkle 2: Evo";"Sparkle 2 Evo"
"The Sims 3";"The Sims™ 3"
"The Settlers: Rise of an Empire Gold Edition";"The Settlers®: Rise Of An Empire Gold Edition"
"The Reject Demon: Toko Chapter 0 - Prelude";"The Reject Demon: Toko Chapter 0 — Prelude"
"The Perils of Man";"Perils of Man"
"The Orb Chambers";"The Orb Chambers™"
"The Nightshift Code";"The Nightshift Code™"
"The Mirror Mysteries";"Mirror Mysteries"
"The Lost Chronicles of Zerzura";"Lost Chronicles of Zerzura"
"The Lord of the Rings: War in the North";"Lord of the Rings: War in the North"
"The LEGO Movie Videogame";"The LEGO® Movie - Videogame"
"The Legend of Korra";"The Legend of Korra™"
"The Last Tinker: City of Colors";"The Last Tinker™: City of Colors"
"The Last Remnant";"The Last Remnant™"
"The Last NightMary - A Lenda do Cabeca de Cuia";"The Last NightMary - A Lenda do Cabeça de Cuia"
"The Journey Down, Chapter 1";"The Journey Down: Chapter One"
"The Jewel Quest Pack";"Jewel Quest Pack"
"The Interactive Adventures of Dog Mendonca and Pizzaboy";"The Interactive Adventures of Dog Mendonça & Pizzaboy®"
"The Haunted: Hell's Reach";"The Haunted: Hells Reach"
"The Guild 2: Renaissance";"The Guild II Renaissance"
"The Guild 2";"The Guild II"
"The Flower Shop: Winter In Fairbrook";"Flower Shop: Winter In Fairbrook"
"The Flower Shop: Summer In Fairbrook";"Flower Shop: Summer In Fairbrook"
"The Elder Scrolls Online: Tamriel Unlimited";"The Elder Scrolls® Online: Tamriel Unlimited™"
"The Elder Scrolls IV: Oblivion - Game of the Year Edition";"The Elder Scrolls IV: Oblivion® Game of the Year Edition"
"The Elder Scrolls III: Morrowind - Game of the Year Edition";"The Elder Scrolls III: Morrowind® Game of the Year Edition"
"The Dig";"The Dig®"
"The Crew";"The Crew™"
"The Book of Unwritten Tales: Critter Chronicles";"The Book of Unwritten Tales: The Critter Chronicles"
"The Blackwell Epiphany";"Blackwell Epiphany"
"The Blackwell Deception";"Blackwell Deception"
"The Blackwell Convergence";"Blackwell Convergence"
"The Black Mirror";"Black Mirror"
"The Beast Within: A Gabriel Knight Mystery";"The Beast Within: A Gabriel Knight® Mystery"
"The Adventures of Shuggy";"Adventures of Shuggy"
"Tetris Ultimate";"Tetris® Ultimate"
"Tea Party Simulator 2015";"Tea Party Simulator 2015™"
"Tales of Monkey Island Chapter 5: Rise of the Pirate God";"Tales of Monkey Island Complete Pack: Chapter 5 - Rise of the Pirate God"
"Tales of Monkey Island Chapter 4: The Trial and Execution of Guybrush Threepwood";"Tales of Monkey Island Complete Pack: Chapter 4 - The Trial and Execution of Guybrush Threepwood"
"Tales of Monkey Island Chapter 3: Lair of the Leviathan";"Tales of Monkey Island Complete Pack: Chapter 3 - Lair of the Leviathan"
"Tales of Monkey Island Chapter 2: The Siege of Spinner Cay";"Tales of Monkey Island Complete Pack: Chapter 2 - The Siege of Spinner Cay"
"Tales of Berseria";"Tales of Berseria™"
"Swords & Soldiers HD";"Swords and Soldiers HD"
"SupiPara Story #01: Spring Has Come!";"Supipara - Chapter 1 Spring Has Come!"
"Super Trench Attack";"Super Trench Attack!"
"Stronghold: Crusader II";"Stronghold Crusader 2"
"Stronghold 3: Gold Edition";"Stronghold 3 Gold"
"Strike Squadron: Caracara";"Strike Squadron: Caracará"
"Strife";"Strife®"
"Street Fighter IV";"Street Fighter® IV"
"Starlight Tactics";"Starlight Tactics™"
"Starlight Inception";"Starlight Inception™"
"Star Wars: X-Wing Alliance";"STAR WARS™ - X-Wing Alliance™"
"Star Wars: The Force Unleashed II";"STAR WARS™: The Force Unleashed™ II"
"Star Wars: The Force Unleashed - Ultimate Sith Edition";"STAR WARS™ - The Force Unleashed™ Ultimate Sith Edition"
"Star Wars: Starfighter";"STAR WARS™ Starfighter™"
"Star Wars: Shadows of the Empire";"STAR WARS™ SHADOWS OF THE EMPIRE™"
"Star Wars: Rogue Squadron 3D";"STAR WARS™: Rogue Squadron 3D"
"Star Wars: Republic Commando";"STAR WARS™ Republic Commando™"
"Star Wars: Knights of the Old Republic II - The Sith Lords";"STAR WARS™ Knights of the Old Republic™ II - The Sith Lords™"
"Star Wars: Knights of the Old Republic";"STAR WARS™ - Knights of the Old Republic™"
"Star Wars: Empire at War - Gold Pack";"STAR WARS™ Empire at War - Gold Pack"
"Star Wars: Battlefront II";"STAR WARS™ Battlefront™ II"
"Star Wars The Clone Wars: Republic Heroes";"STAR WARS™: The Clone Wars - Republic Heroes™"
"Star Wars Rebellion";"STAR WARS™ Rebellion"
"Star Wars Jedi Knight: Mysteries of the Sith";"STAR WARS™ Jedi Knight - Mysteries of the Sith™"
"Star Wars Jedi Knight: Jedi Academy";"STAR WARS™ Jedi Knight - Jedi Academy™"
"Star Wars Jedi Knight: Dark Forces II";"STAR WARS™ Jedi Knight: Dark Forces II"
"Star Wars Jedi Knight II: Jedi Outcast";"STAR WARS™ Jedi Knight II - Jedi Outcast™"
"Star Trek: Starfleet Academy";"Star Trek™: Starfleet Academy"
"\"Spy Fox in \\\"Dry Cereal\\\"";"\\"Spy Fox in \Dry Cereal\\""
"Spy Fox 3: Operation Ozone";"Spy Fox 3 \Operation Ozone\"
"Spore Galactic Adventures";"SPORE™ Galactic Adventures"
"Spore Creepy & Cute Parts Pack";"SPORE™ Creepy & Cute Parts Pack"
"Spore";"SPORE™"
"Spirit Run - Fire vs Ice";"Spirit Run - Fire vs. Ice"
"SpinTires";"SPINTIRES™"
"Spider-Man: Shattered Dimensions";"Spider-Man™: Shattered Dimensions"
"SpellForce Platinum";"SpellForce - Platinum Edition"
"SpaceFuss";"Space Fuss"
"Space Quest Collection";"Space Quest™ Collection"
"Space Pilgrim Episode Two: Epsilon Indi";"Space Pilgrim Episode II: Epsilon Indi"
"Space Pilgrim Episode One: Alpha Centauri";"Space Pilgrim Episode I: Alpha Centauri"
"South Park: The Stick of Truth";"South Park™: The Stick of Truth™"
"Songs2See Game";"Songs2See"
"Sniper Elite III";"Sniper Elite 3"
"SMITE";"SMITE®"
"Smash + Grab";"SMASH+GRAB"
"Sins Of The Demon";"Sins Of The Demon RPG"
"Sins of a Solar Empire: Trinity";"Sins of a Solar Empire®: Trinity"
"Sins of a Solar Empire: Rebellion";"Sins of a Solar Empire®: Rebellion"
"Singularity";"Singularity™"
"SimCity 4: Deluxe Edition";"SimCity™ 4 Deluxe Edition"
"Silent Hunter: Wolves of the Pacific U-Boat Missions";"Silent Hunter®: Wolves of the Pacific U-Boat Missions"
"Silent Hunter: Wolves of the Pacific";"Silent Hunter®: Wolves of the Pacific"
"Silent Hunter III";"Silent Hunter® III"
"Silent Hunter 5: Battle of the Atlantic";"Silent Hunter 5®: Battle of the Atlantic"
"Sideway: New York";"Sideway™ New York"
"Sid Meier's Civilization: Beyond Earth";"Sid Meier's Civilization®: Beyond Earth™"
"Sid Meier's Civilization VI";"Sid Meier’s Civilization® VI"
"Sid Meier's Civilization V";"Sid Meier's Civilization® V"
"Sid Meier's Civilization IV";"Sid Meier's Civilization® IV"
"Sid Meier's Civilization III: Complete";"Sid Meier's Civilization® III Complete"
"Sid Meier's Ace Patrol: Pacific Skies";"Sid Meier’s Ace Patrol: Pacific Skies"
"Sid Meier's Ace Patrol";"Sid Meier’s Ace Patrol"
"Shower With Your Dad Simulator 2015: Do You Still Shower With Your Dad?";"Shower With Your Dad Simulator 2015: Do You Still Shower With Your Dad"
"Sherlock Holmes: Crimes & Punishments";"Sherlock Holmes: Crimes and Punishments"
"Sherlock Holmes vs. Jack the Ripper";"Sherlock Holmes versus Jack the Ripper"
"Shan Gui";"Shan Gui (山桂)"
"Shadow Warrior (1997)";"Shadow Warrior Classic (1997)"
"Seven Kingdoms 2: HD Edition";"Seven Kingdoms 2 HD"
"Serious Sam II";"Serious Sam 2"
"Senran Kagura: Bon Appetit! - Full Course";"SENRAN KAGURA Bon Appétit! - Full Course"
"Section 8: Prejudice";"Section 8®: Prejudice™"
"Secrets of Raetikon";"Secrets of Rætikon"
"Score a Goal: Physical Football";"Score a goal (Physical football)"
"Scooby-Doo! & Looney Tunes Cartoon Universe: Adventure";"Scooby Doo! & Looney Tunes Cartoon Universe: Adventure"
"Schrodinger's Cat and the Raiders of the Lost Quark";"Schrödinger’s Cat And The Raiders Of The Lost Quark"
"Scarygirl";"Scary Girl"
"Scania Truck Driving Simulator: The Game";"Scania Truck Driving Simulator"
"Sayonara UmiharaKawase";"Sayonara Umihara Kawase"
"Sanctuary RPG: Black Edition";"SanctuaryRPG: Black Edition"
"Sam & Max Episode 205: What's New, Beelzebub?";"Sam & Max 205: What&#146;s New Beelzebub?"
"Sam & Max Episode 204: Chariots of the Dogs";"Sam & Max 204: Chariots of the Dogs"
"Sam & Max Episode 203: Night of the Raving Dead";"Sam & Max 203: Night of the Raving Dead"
"Sam & Max Episode 202: Moai Better Blues";"Sam & Max 202: Moai Better Blues"
"Sam & Max Episode 201: Ice Station Santa";"Sam & Max 201: Ice Station Santa"
"Sam & Max Episode 106: Bright Side of the Moon";"Sam & Max 106: Bright Side of the Moon"
"Sam & Max Episode 105: Reality 2.0";"Sam & Max 105: Reality 2.0"
"Sam & Max Episode 104: Abe Lincoln Must Die!";"Sam & Max 104: Abe Lincoln Must Die!"
"Sam & Max Episode 103: The Mole, the Mob and the Meatball";"Sam & Max 103: The Mole, the Mob and the Meatball"
"Sam & Max Episode 102: Situation: Comedy";"Sam & Max 102: Situation: Comedy"
"Sam & Max Episode 101: Culture Shock";"Sam & Max 101: Culture Shock"
"Salammbo: Battle of Carthage";"Salammbô: Battle for Carthage"
"Safety First";"Safety First!"
"Sacred 2: Gold Edition";"Sacred 2 Gold"
"S.K.I.L.L.: Special Force 2";"S.K.I.L.L. - Special Force 2 (Shooter)"
"Rush Bros";"Rush Bros."
"Runaway: The Dream of the Turtle";"Runaway, The Dream of The Turtle"
"Runaway: A Road Adventure";"Runaway, A Road Adventure"
"Rome: Total War Alexander";"Rome: Total War™ - Alexander"
"RollerCoaster Tycoon World";"RollerCoaster Tycoon World™"
"RollerCoaster Tycoon Deluxe";"RollerCoaster Tycoon®: Deluxe"
"RollerCoaster Tycoon 3: Platinum!";"RollerCoaster Tycoon® 3: Platinum"
"RollerCoaster Tycoon 2: Triple Thrill Pack";"RollerCoaster Tycoon® 2: Triple Thrill Pack"
"Rocksmith 2014 Edition: Remastered";"Rocksmith® 2014 Edition - Remastered"
"Rocket Mania! Deluxe";"Rocket Mania Deluxe"
"Rocket League";"Rocket League®"
"Roads of Rome III";"Roads of Rome 3"
"River City Super Sports Challenge: All Stars Special";"River City Super Sports Challenge ~All Stars Special~"
"RISK: Factions";"RISK™: Factions"
"Rise of the Tomb Raider";"Rise of the Tomb Raider™"
"RIP Trilogy";"RIP - Trilogy™"
"Rig'n'Roll";"Rig n Roll"
"Ridge Racer Unbounded";"Ridge Racer™ Unbounded"
"Retro City Rampage DX";"Retro City Rampage™ DX"
"Resident Evil: Revelations";"Resident Evil Revelations / Biohazard Revelations"
"Resident Evil HD Remaster";"Resident Evil / biohazard HD REMASTER"
"Resident Evil 6: Onslaught Game Mode";"Resident Evil 6 / Biohazard 6"
"Realms of Arkania III: Shadows Over Riva";"Realms of Arkania 3 - Shadows over Riva Classic"
"Real Warfare II: Northern Crusades";"Real Warfare 2: Northern Crusades"
"Real Boxing";"Real Boxing™"
"Razor 2: Hidden Skies";"Razor2: Hidden Skies"
"Rayman Raving Rabbids";"Rayman Raving Rabbids™"
"Rayman Origins";"Rayman® Origins"
"Rayman Legends";"Rayman® Legends"
"Quake Mission Pack No. 2: Dissolution of Eternity";"QUAKE Mission Pack 2: Dissolution of Eternity"
"Quake Mission Pack No. 1: Scourge of Armagon";"QUAKE Mission Pack 1: Scourge of Armagon"
"Quake Live";"Quake Live™"
"Q.U.B.E. Director's Cut";"Q.U.B.E: Director's Cut"
"Pyroblazer";"Pyroblazer®"
"Puzzle Quest: Challenge of the Warlords";"PuzzleQuest: Challenge of the Warlords"
"Putt-Putt: Pep's Birthday Surprise";"Putt-Putt®: Pep's Birthday Surprise"
"Putt-Putt Travels Through Time";"Putt-Putt® Travels Through Time"
"Putt-Putt Goes to the Moon";"Putt-Putt® Goes to the Moon"
"Pure Hold 'Em";"Pure Hold'em"
"PuppetShow: Mystery of Joyville";"PuppetShow™: Mystery of Joyville"
"Project Fire";"Project \Fire\"
"Professor Why: The Quantum Eye";"Professor Why™: The Quantum Eye"
"Professor Why: Chemistry 1";"Professor Why™ Chemistry 1"
"Pro Cycling Manager Season 2015";"Pro Cycling Manager 2015"
"Prince of Persia: Warrior Within";"Prince of Persia: Warrior Within™"
"Prince of Persia: The Two Thrones";"Prince of Persia: The Two Thrones™"
"Prince of Persia: The Sands of Time";"Prince of Persia®: The Sands of Time"
"Prince of Persia: The Forgotten Sands";"Prince of Persia: The Forgotten Sands™"
"Prince of Persia";"Prince of Persia®"
"President for a Day: Flooding";"President for a Day - Floodings"
"Police Quest Collection";"Police Quest™ Collection"
"Please, Don't Touch Anything";"Please, Don’t Touch Anything"
"Platfinity";"Platfinity™"
"Planetary Prospectors: A.R.M. (Asteroid Resource Mining)";"ARM Planetary Prospectors Asteroid Resource Mining"
"Planetarian: the reverie of a little planet";"planetarian ~the reverie of a little planet~"
"PixelJunk Shooter Ultimate";"PixelJunk™ Shooter Ultimate"
"PixelJunk Shooter";"PixelJunk™ Shooter"
"PixelJunk Monsters: Ultimate";"PixelJunk™ Monsters Ultimate"
"PixelJunk Eden";"PixelJunk™ Eden"
"Pirates vs Corsairs: Davy Jones' Gold";"Pirates vs Corsairs: Davy Jones's Gold"
"PING 1.5+";"PING 1.5+™"
"Pinball FX 2";"Pinball FX2"
"Pinata";"Piñata"
"Picturesque VR";"画境(Picturesque) VR"
"Petz: Horsez 2";"Petz® Horsez® 2"
"Pesadelo - Regressao";"Pesadelo - Regressão"
"Perraw - FPS the Clone War Alpha";"Perraw - FPS Clone War Alpha"
"Perimeter II: New Earth";"Perimeter 2: New Earth"
"Peggle Nights";"Peggle™ Nights"
"Payday: The Heist";"PAYDAY™ The Heist"
"Parvaneh: Legacy of the Light's Guardian";"Parvaneh: Legacy of the Light's Guardians"
"Parkan II";"Parkan 2"
"Paradise";"Paladins®"
"Pandemonium!";"Pandemonium"
"Pac-Man Museum";"PAC-MAN MUSEUM™"
"Pac-Man Championship Edition DX +";"PAC-MAN™ Championship Edition DX+"
"Pac-Man Championship Edition 2";"PAC-MAN™ CHAMPIONSHIP EDITION 2"
"Pac-Man and the Ghostly Adventures";"PAC-MAN™ and the Ghostly Adventures"
"Overlord: Raising Hell";"Overlord™: Raising Hell"
"Overlord";"Overlord™"
"Over 9,000 Zombies!";"Over 9000 Zombies!"
"Out There: Omega Edition";"Out There: Ω Edition"
"Osozaki: Late Blooming - First";"Osozaki 遅咲き Late Blooming - First"
"Order of War";"Order of War™"
"Once Bitten, Twice Dead";"Once Bitten, Twice Dead!"
"Offspring Fling";"Offspring Fling!"
"Office Freakout";"Office Freakout™"
"Oddworld: Abe's Oddysee";"Oddworld: Abe's Oddysee®"
"Oddworld: Abe's Exoddus";"Oddworld: Abe's Exoddus®"
"Obscure: The Aftermath";"Obscure II (Obscure: The Aftermath)"
"Oblivious Garden: Carmina Burana";"Oblivious Garden ~Carmina Burana"
"NVIDIA VR Funhouse";"NVIDIA® VR Funhouse"
"NSFW: Not a Simulator For Working";"NSFW ~ Not a Simulator For Working"
"NotCoD";"NotCoD™"
"Nobunaga's Ambition: Zenkokuban";"NOBUNAGA’S AMBITION: Zenkokuban / 信長の野望･全国版"
"Nobunaga's Ambition: Sphere of Influence - Ascension";"NOBUNAGA'S AMBITION: Sphere of Influence - Ascension / 信長の野望･創造 戦国立志伝"
"Nobunaga's Ambition: Sengoku Gunyuuden";"NOBUNAGA’S AMBITION: Sengoku Gunyuuden / 信長の野望・戦国群雄伝"
"Nobunaga's Ambition: Kakushin with Power-Up Kit";"NOBUNAGA’S AMBITION: Kakushin with Power Up Kit / 信長の野望・革新 with パワーアップキット"
"Nobunaga's Ambition";"NOBUNAGA'S AMBITION / 信長の野望"
"NightShift Legacy: The Jaguar's Eye";"Nightshift Legacy: The Jaguar's Eye™"
"NiGHTS into Dreams...";"NiGHTS Into Dreams"
"Nightmares from the Deep: The Siren's Call";"Nightmares from the Deep 2: The Siren`s Call"
"Nightmares from the Deep: Davy Jones";"Nightmares from the Deep 3: Davy Jones"
"Night Shift (2014)";"Night Shift"
"NieR: Automata";"NieR:Automata™"
"New York Taxi: The Simulation";"New York Taxi Simulator"
"New York Bus: The Simulation";"New York Bus Simulator"
"Necropolis";"Noctropolis"
"Napoleon: Total War";"Napoleon: Total War™"
"Nandeyanen!? - The 1st Sutra";"Nandeyanen!? - The 1st Sûtra"
"Nancy Drew: Warnings at Waverly Academy";"Nancy Drew®: Warnings at Waverly Academy"
"Nancy Drew: The White Wolf of Icicle Creek";"Nancy Drew®: The White Wolf of Icicle Creek"
"Nancy Drew: The Secret of Shadow Ranch";"Nancy Drew®: The Secret of Shadow Ranch"
"Nancy Drew: The Ransom of the Seven Ships";"Nancy Drew®: Ransom of the Seven Ships"
"Nancy Drew: The Phantom of Venice";"Nancy Drew®: The Phantom of Venice"
"Nancy Drew: The Haunting of Castle Malloy";"Nancy Drew®: The Haunting of Castle Malloy"
"Nancy Drew: The Haunted Carousel";"Nancy Drew®: The Haunted Carousel"
"Nancy Drew: The Final Scene";"Nancy Drew®: The Phantom of Venice"
"Nancy Drew: The Creature of Kapu Cave";"Nancy Drew®: The Creature of Kapu Cave"
"Nancy Drew: Shadow at the Water's Edge";"Nancy Drew®:  Shadow at the Water's Edge"
"Nancy Drew: Secrets Can Kill Remastered";"Nancy Drew®: Secrets Can Kill REMASTERED"
"Nancy Drew: Secret of the Scarlet Hand";"Nancy Drew®: Secret of the Scarlet Hand"
"Nancy Drew: Secret of the Old Clock";"Nancy Drew®: Secret of the Old Clock"
"Nancy Drew: Legend of the Crystal Skull";"Nancy Drew®: Legend of the Crystal Skull"
"Nancy Drew: Last Train to Blue Moon Canyon";"Nancy Drew®: Last Train to Blue Moon Canyon"
"Nancy Drew: Ghost of Thornton Hall";"Nancy Drew: the Ghost of Thornton Hall"
"Nancy Drew: Ghost Dogs of Moon Lake";"Nancy Drew®: Ghost Dogs of Moon Lake"
"Nancy Drew: Danger on Deception Island";"Nancy Drew®: Danger on Deception Island"
"Nancy Drew: Danger By Design";"Nancy Drew®: Danger by Design"
"Nancy Drew: Curse of Blackmoor Manor";"Nancy Drew®: Curse of Blackmoor Manor"
"Nancy Drew: Alibi in Ashes";"Nancy Drew®: Alibi in Ashes"
"Nancy Drew Dossier: Resorting to Danger";"Nancy Drew® Dossier™: Resorting to Danger!"
"Nancy Drew Dossier: Lights, Camera, Curses!";"Nancy Drew® Dossier™: Lights, Camera, Curses!"
"Mystery P.I.: The Vegas Heist";"Mystery P.I.™ - The Vegas Heist"
"Mystery P.I.: The New York Fortune";"Mystery P.I.™ - The New York Fortune"
"Mystery P.I.: The Lottery Ticket";"Mystery P.I.™ - The Lottery Ticket"
"Mystery Case Files: Return to Ravenhearst";"Mystery Case Files: Return to Ravenhearst™"
"Mystery Case Files: Ravenhearst";"Mystery Case Files: Ravenhearst®"
"Mystery Case Files: Prime Suspects";"Mystery Case Files: Prime Suspects™"
"Mystery Case Files: Madame Fate";"Mystery Case Files: Madame Fate®"
"My Best Friends - Cats And Dogs";"My Best Friends - Cats & Dogs"
"Muddy Heights 2";"Muddy Heights® 2"
"Ms. 'Splosion Man";"Ms. Splosion Man"
"MotoGP 15 Compact";"MotoGP™15 Compact"
"MotoGP 14 Compact";"MotoGP™14 Compact"
"MotoGP 14";"MotoGP™14"
"MotoGP 13";"MotoGP™13"
"Moonlit Mayhem";"Moonlit Mayhem™"
"Monkey Island 2 Special Edition: LeChuck's Revenge";"Monkey Island™ 2 Special Edition: LeChuck’s Revenge™"
"Mobius Final Fantasy";"MOBIUS FINAL FANTASY™"
"Mirror's Edge";"Mirror's Edge™"
"Might and Magic: Heroes VII - Trial by Fire";"Might and Magic: Heroes VII – Trial by Fire"
"Might & Magic: Heroes VII";"Might & Magic® Heroes® VII"
"Midnight Outlaw: Six Hours to Sun Up";"Midnight Outlaw: 6 Hours to SunUp"
"Midnight Club II";"Midnight Club 2"
"Middle-earth: Shadow of Mordor";"Middle-earth™: Shadow of Mordor™"
"Micro RC Simulation";"MicroRC Simulation"
"Men of War";"Men of War™"
"MegaTagmension Blanc + Neptune VS Zombies";"MegaTagmension Blanc + Neptune VS Zombies (Neptunia)"
"Medieval II: Total War";"Medieval II: Total War™"
"Medal of Honor";"Medal of Honor™"
"MechWarrior Online";"MechWarrior Online™"
"Mecho Wars";"Men of War™"
"MDK2";"MDK 2"
"May's Mysteries: The Secret of Dragonville";"May’s Mysteries: The Secret of Dragonville"
"Max & the Magic Marker";"Max and the Magic Marker"
"Masters of the World, Geopolitcal Simulator 3";"Masters of the World - Geopolitical Simulator 3"
"Mars Colony: Challenger";"Mars Colony:Challenger"
"Marc Ecko's Getting Up: Contents Under Pressure";"Marc Eckō's Getting Up: Contents Under Pressure"
"Malavision: The Origin";"Malavision®: The Origin"
"Making History: The Calm and the Storm";"Making History: The Calm & the Storm"
"Making History: The Calm & the Storm Gold Edition";"Making History: The Calm & the Storm"
"MajorMinor";"Major\Minor"
"Mahjong Roadshow";"Mahjong Roadshow™"
"MagixHome VR";"MagixHome™ VR"
"Magic: Duels of the Planeswalkers 2015";"Magic 2014 — Duels of the Planeswalkers"
"Magazine Editor";"Magazime Editor"
"Madballs in Babo: Invasion";"Madballs in Babo:Invasion"
"Mad Riders";"Mad Riders™"
"Luxor Mahjong";"LUXOR: Mah Jong"
"Luminesca";"LUMINES™"
"Lumines Advance Pack";"LUMINES™ Advance Pack"
"Lumines";"LUMINES™"
"Lucidity";"Lucidity™"
"Lucent Heart: Stadia";"Lucent Heart"
"Love & Order";"Love And Order"
"LostWinds2: Winter of the Melodias";"LostWinds 2: Winter of the Melodias"
"Lost Planet: Extreme Condition";"Lost Planet™: Extreme Condition"
"Lost Planet 3";"LOST PLANET® 3"
"Lost Planet 2";"Lost Planet® 2"
"Lost in Secular Love";"尘沙惑（Lost in Secular Love）"
"Lost girl's [diary]";"Lost girl`s [diary]"
"Lords of the Fallen";"Lords Of The Fallen™"
"Lop Nor Zombie VR";"Lop Nor Zombie VR (HTC Vive)"
"Loot Hound";"Loot Hound™"
"Loot Hero";"Loot Hero DX"
"Lobotomy Corporation: Monster Management Simulation";"Lobotomy Corporation | Monster Management Simulation"
"Lily's Epic Quest";"Lily´s Epic Quest"
"Lilly & Sasha: Nexus of Souls";"Lilly and Sasha: Nexus of Souls"
"Lilly & Sasha: Guardian Angels";"Lilly and Sasha: Guardian Angels"
"Lilly & Sasha: Curse of the Immortals";"Lilly and Sasha: Curse of the Immortals"
"Lightrise";"Lightrise™"
"Lightning Returns: Final Fantasy XIII";"LIGHTNING RETURNS™: FINAL FANTASY® XIII"
"Life is Strange: Episode 1 - Chrysalis";"Life Is Strange - Episode 1"
"LEGO Worlds";"LEGO® Worlds"
"LEGO The Hobbit";"LEGO® The Hobbit™"
"LEGO Star Wars: The Force Awakens";"LEGO® STAR WARS™: The Force Awakens"
"LEGO Star Wars: The Complete Saga";"LEGO® Star Wars™ - The Complete Saga"
"LEGO Star Wars III: The Clone Wars";"LEGO® Star Wars™ III - The Clone Wars™"
"LEGO Pirates of the Caribbean: The Video Game";"LEGO® Pirates of the Caribbean: The Video Game"
"LEGO Marvel's Avengers";"LEGO® MARVEL's Avengers"
"LEGO Marvel Super Heroes";"LEGO® Marvel™ Super Heroes"
"LEGO Jurassic World";"LEGO® Jurassic World"
"LEGO Indiana Jones: The Original Adventures";"LEGO® Indiana Jones™: The Original Adventures"
"LEGO Indiana Jones 2: The Adventure Continues";"LEGO® Indiana Jones™ 2: The Adventure Continues"
"LEGO Batman 3: Beyond Gotham";"LEGO® Batman™3: Beyond Gotham"
"LEGO Batman 2: DC Super Heroes";"LEGO® Batman 2 DC Super Heroes™"
"Legionwood: Tale of the Two Swords";"Legionwood 1: Tale of the Two Swords"
"Legend of Mysteria";"Legend of Mysteria RPG"
"Legend of Grimrock II";"Legend of Grimrock 2"
"LaTale";"La Tale"
"Lara Croft Tomb Raider: The Angel of Darkness";"Tomb Raider VI: The Angel of Darkness"
"Lara Croft and the Temple of Osiris";"LARA CROFT AND THE TEMPLE OF OSIRIS™"
"Koi-Koi Japan: Hanafuda playing cards";"Koi-Koi Japan [Hanafuda playing cards]"
"Knights of Pen & Paper 2";"Knights of Pen and Paper 2"
"Knights of Pen & Paper (+1 Edition)";"Knights of Pen and Paper +1 Edition"
"Kingdoms of Amalur: Reckoning";"Kingdoms of Amalur: Reckoning™"
"King's Quest Collection";"King's Quest™ Collection"
"King's Bounty: Legions";"King’s Bounty: Legions"
"Kane & Lynch: Dead Men";"Kane and Lynch: Dead Men™"
"Kal Online";"Kalonline"
"Just Cause 3";"Just Cause™ 3"
"JumpBall";"JumpBall®"
"Judgement Silversword: Resurrection";"JUDGEMENT SILVERSWORD - Resurrection -"
"Judge Dredd: Dredd VS Death";"Judge Dredd: Dredd vs. Death"
"Johnny Graves: The Unchosen One";"Johnny Graves—The Unchosen One"
"JASF: Jane's Advanced Strike Fighters";"Jane's Advanced Strike Fighters"
"Jagged Alliance 2 Gold Pack";"Jagged Alliance 2 Gold"
"Jade Empire: Special Edition";"Jade Empire™: Special Edition"
"Isane Insects: The Inception";"Insane Insects: The Inception"
"Iron Warriors: T-72 Tank Command";"Iron Warriors: T - 72 Tank Command"
"InfiniTrap: Ohio Jack and The Cup Of Eternity";"Ohio Jack and The Cup Of Eternity"
"Industry Giant II";"Industry Giant 2"
"Independence War Deluxe Edition";"Independence War™ Deluxe Edition"
"Independence War 2: Edge of Chaos";"Independence War® 2: Edge of Chaos"
"Iggle Pop! Deluxe";"Iggle Pop Deluxe"
"I of the Dragon";"The I of the Dragon"
"Hyperdimension Neptunia Re;;Birth2: Sisters Generation";"Hyperdimension Neptunia Re;Birth2: Sisters Generation / 超次次元ゲイム ネプテューヌRe;Birth2"
"Hyperdevotion Noire: Goddess Black Heart";"Hyperdevotion Noire: Goddess Black Heart (Neptunia)"
"Hunting Unlimited 2008";"Hunting Unlimited™ 2008"
"Hunted: The Demon's Forge";"Hunted: The Demon’s Forge™"
"House of 1000 Doors: Serpent Flame (Collector's Edition)";"House of 1000 Doors: The Palm of Zoroaster Collector's Edition"
"House of 1000 Doors: Family Secrets";"House of 1,000 Doors: Family Secrets Collector's Edition"
"Hotel Dash Suite Success";"Hotel Dash™ Suite Success™"
"Homefront: The Revolution";"Homefront®: The Revolution"
"HomeBehind";"Home Behind"
"Holy Potatoes! We're in Space?!";"Holy Potatoes! We’re in Space?!"
"Hitman: Absolution";"Hitman: Absolution™"
"Hitman";"HITMAN™"
"Himawari: The Sunflower";"Himawari - The Sunflower -"
"Higurashi When They Cry: Chapter 4 - Himatsubushi";"Higurashi When They Cry Hou - Ch.4 Himatsubushi"
"Higurashi When They Cry: Chapter 3 - Tatarigoroshi";"Higurashi When They Cry Hou - Ch.3 Tatarigoroshi"
"Higurashi When They Cry: Chapter 2 - Watanagashi";"Higurashi When They Cry Hou - Ch.2 Watanagashi"
"Higurashi When They Cry: Chapter 1 - Onikakushi";"Higurashi When They Cry Hou - Ch.1 Onikakushi"
"High School Musical 3: Senior Year DANCE!";"Disney High School Musical 3: Senior Year Dance"
"Hide & Secret: Treasure of the Ages";"Hide and Secret Treasure of the Ages"
"Hidden Runaway: A Road Adventure";"Runaway, A Road Adventure"
"Heroes of Steel: Tactics RPG";"Heroes of Steel RPG"
"Heroes of Might and Magic V: Tribes of the East";"Heroes of Might & Magic V: Tribes of the East"
"Heroes of Might and Magic V: Hammers of Fate";"Heroes of Might & Magic V: Hammers of Fate"
"Heroes of Might and Magic V";"Heroes of Might & Magic V"
"Heroes of Might & Magic III - HD Edition";"Heroes® of Might & Magic® III - HD Edition"
"Herald: An Interactive Period Drama";"Herald: An Interactive Period Drama - Book I & II"
"Helldivers";"HELLDIVERS™"
"Hell's Little Story";"Hell`s Little Story"
"Heileen: Sail Away";"Heileen 1: Sail Away"
"Hegemonia: The Solon Heritage";"Haegemonia: The Solon Heritage"
"Hegemonia: Legions of Iron";"Haegemonia: Legions of Iron"
"Heart of Ember Chapter 1";"Heart of Ember CH1"
"Haunted House";"Haunted House™"
"Hamlet, or the last game without MMORPG features, shaders and product placement";"Hamlet or the Last Game without MMORPG Features, Shaders ..."
"Half-Minute Hero: Super Mega Neo Climax Ultimate Boy";"Half Minute Hero: Super Mega Neo Climax Ultimate Boy"
"GunWorld 2";"Super GunWorld 2"
"Gumboy Crazy Adventures";"Gumboy - Crazy Adventures™"
"Grotesque Tactics 2: Dungeons & Donuts";"Grotesque Tactics 2 – Dungeons and Donuts"
"Grav Lab: Gravitational Testing Facility and Observations";"Grav|Lab - Gravitational Testing Facility & Observations"
"Grandia II Anniversary Edition";"Grandia® II Anniversary Edition"
"Gothic 3";"Gothic® 3"
"Gothic";"Gothic 1"
"Gods vs. Humans";"Gods vs Humans"
"God's One Day World";"神明的一天世界(God's One Day World)"
"Goblin Defenders: Steel 'n' Wood";"Goblin Defenders: Steel‘n’ Wood"
"goalunited PRO: football manager for experts";"goalunited PRO – football manager for experts"
"Go Mission: Space Travel";"Go Mission:® Space Travel"
"Gluck Auf";"Glück Auf"
"Ghostbusters";"Ghostbusters™"
"Ghost Master";"Ghost Master®"
"Geometry Wars 3: Dimensions Evolved";"Geometry Wars™ 3: Dimensions Evolved"
"Geneforge";"Geneforge 1"
"Gemini Lost";"Gemini Lost™"
"Gardens Inc. - From Rakes to Riches";"Gardens Inc. – From Rakes to Riches"
"Galaxy On Fire 2 Full HD";"Galaxy on Fire 2™ Full HD"
"Galactic Civilizations II: Ultimate Edition";"Galactic Civilizations® II: Ultimate Edition"
"Gabriel Knight: Sins of the Fathers";"Gabriel Knight: Sins of the Father®"
"Gabriel Knight 3: Blood of the Sacred, Blood of the Damned";"Gabriel Knight® 3: Blood of the Sacred, Blood of the Damned"
"Frontlines: Fuel of War";"Frontlines™: Fuel of War™"
"Freedom Force vs The 3rd Reich";"Freedom Force vs. the Third Reich"
"Freak Out: Extreme Freeride";"FreakOut: Extreme Freeride"
"Forge of Gods";"Forge of Gods (RPG)"
"For Honor";"FOR HONOR™"
"Football Mogul 2008";"Football Manager 2008"
"Flockers";"Flockers™"
"FlatOut 2";"FlatOut 2™"
"Fitness Dash";"Fitness Dash™"
"Final Fantasy XIV Online: A Realm Reborn";"FINAL FANTASY® XIV: A Realm Reborn™"
"Final Fantasy XIII-2";"FINAL FANTASY® XIII-2"
"Final Fantasy XIII";"FINAL FANTASY® XIII"
"Final Fantasy XI: Ultimate Collection (Seekers Edition)";"FINAL FANTASY®  XI: Ultimate Collection Seekers Edition"
"Final Fantasy X / X-2 HD Remaster";"FINAL FANTASY X/X-2 HD Remaster"
"Final Fantasy Type-0 HD";"FINAL FANTASY TYPE-0™ HD"
"Father's Island";"Father´s Island"
"Far Cry Primal";"Far Cry® Primal"
"Far Cry 4";"Far Cry® 4"
"Far Cry 2: Fortune's Edition";"Far Cry® 2: Fortune's Edition"
"Fallout 2";"FlatOut 2™"
"Fairy Tale Mysteries: The Beanstalk";"Fairy Tale Mysteries 2: The Beanstalk"
"F1 Race Stars";"F1 RACE STARS™"
"F1 2012";"F1 2012™"
"Extinction";"The Extinction"
"EverQuest";"Everquest ®"
"Everest VR";"EVEREST VR™"
"Eventide 2: The Sorcerer's Mirror";"Eventide 2: The Sorcerers Mirror"
"Evangeline";"Evangeline™"
"Europa Universalis: Rome Gold";"Europa Universalis: Rome - Gold Edition"
"EURGAVA: Fight for Haaria";"EURGAVA™ - Fight for Haaria"
"Epoch";"EPΘCH"
"Epic Cards Battle";"Epic Cards Battle(TCG)"
"Endless Legend";"Endless Legend™"
"Empire: Total War";"Empire: Total War™"
"Empire of Angels IV";"天使帝國四《Empire of Angels IV》"
"Emerald City Confidential";"Emerald City Confidential™"
"Elizabeth Find MD Diagnosis Mystery Season 2";"Elizabeth Find M.D. - Diagnosis Mystery - Season 2"
"Edge of Twilight: Return To Glory";"Edge of Twilight – Return To Glory"
"Echo Tokyo: Intro";"Echo Tokyo: An Intro"
"Eador: Masters of the Broken World";"Eador. Masters of the Broken World"
"Dynomite! Deluxe";"Dynomite Deluxe"
"Dynasty Warriors 8: Xtreme Legends Complete Edition";"DYNASTY WARRIORS 8: Xtreme Legends Complete Edition / 真・三國無双７ with 猛将伝"
"Dynasty Warriors 8 Empires";"DYNASTY WARRIORS® 8 Empires"
"Dungeons & Dragons: Daggerdale";"Dungeons and Dragons: Daggerdale"
"Dungeon Party";"Dungeon-Party"
"Dungeon of the Endless";"Dungeon of the Endless™"
"Duke Grabowski: Mighty Swashbuckler";"Duke Grabowski, Mighty Swashbuckler"
"Duckles: the Jisgaw Witch";"Duckles: the Jigsaw Witch"
"Duck Dynasty";"Duck Dynasty®"
"Driver: Parallel Lines";"Driver® Parallel Lines"
"Drawn: The Painted Tower";"Drawn®: The Painted Tower"
"Drawn: Dark Flight";"Drawn™: Dark Flight"
"Doctor Watson: The Riddle of the Catacomb";"Doctor Watson - The Riddle of the Catacombs"
"Disney/Pixar Toy Story Mania!";"Disney•Pixar Toy Story Mania!"
"Disney/Pixar Finding Nemo";"Disney•Pixar Finding Nemo"
"Disney DuckTales Remastered";"DuckTales: Remastered"
"Discovr Egypt: King Tut's Tomb";"Discovr™ Egypt: King Tut's Tomb"
"Disciples: Sacred Lands Gold Edition";"Disciples Sacred Lands Gold"
"Dirty Bomb";"Dirty Bomb®"
"Diorama Battle of NINJA";"Diorama Battle of NINJA　虚拟3D世界 忍者之战"
"DinerTown Detective Agency";"DinerTown Detective Agency™"
"Diner Dash: Hometown Hero";"Diner Dash:® Hometown Hero™"
"Diaper Dash";"Diaper Dash®"
"Diamond Joyce and the Secrets of Crystal Cave";"Diamond Joyce and the Secret of Crystal Cave"
"Dexterity Ball 3D";"Dexterity Ball 3D™"
"Devil's Dare";"Devil's Dare 悪魔の挑戦"
"Devil May Cry 4: Special Edition";"Devil May Cry® 4 Special Edition"
"Devil May Cry 3: Special Edition";"Devil May Cry® 3 Special Edition"
"Deus Ex: Breach";"Deus Ex: Breach™"
"Destiny of Ancient Kingdoms";"Destiny of Ancient Kingdoms™"
"Descent: Freespace - The Great War";"Descent: FreeSpace – The Great War"
"Dementium II";"Dementium II HD"
"Delta Force: Black Hawk Down - Team Sabre";"Delta Force — Black Hawk Down: Team Sabre"
"Defender's Quest : Valley of the Forgotten";"Defender's Quest: Valley of the Forgotten (DX edition)"
"Death Track: Resurrection";"Death Track®: Resurrection"
"DC Universe Online";"DC Universe™ Online"
"Darksiders";"Darksiders™"
"Darkness Within: In Pursuit of Loath Nolder";"Darkness Within 1: In Pursuit of Loath Nolder"
"Dark Void Zero";"Dark Void™ Zero"
"Dark Void";"Dark Void™"
"Dark Souls: Prepare to Die Edition";"DARK SOULS™: Prepare To Die™ Edition"
"Dark Souls III";"DARK SOULS™ III"
"Dark Souls II: Scholar of the First Sin";"DARK SOULS™ II: Scholar of the First Sin"
"Dark Souls II";"DARK SOULS™ II"
"Dark Parables: The Thief and the Tinderbox";"Dark Parables: The Thief and the Tinderbox Collector's Edition"
"Dark Parables: The Swan Princess and The Dire Tree";"Dark Parables: The Swan Princess and The Dire Tree Collector's Edition"
"Dark Parables: The Little Mermaid and the Purple Tide";"Dark Parables: The Little Mermaid and the Purple Tide Collector's Edition"
"Dark Parables: The Final Cinderella";"Dark Parables: The Final Cinderella Collector's Edition"
"Dark Parables: The Exiled Prince";"Dark Parables: The Exiled Prince Collector's Edition"
"Dark Parables: Rise of the Snow Queen";"Dark Parables: Rise of the Snow Queen Collector's Edition"
"Dark Parables: Jack and the Sky Kingdom";"Dark Parables: Jack and the Sky Kingdom Collector's Edition"
"Dark Messiah of Might and Magic";"Dark Messiah of Might & Magic"
"Dark Matter (2013)";"Dark Matter"
"Dark Fall: Lights Out";"Dark Fall 2: Lights Out"
"Dark Fall 3: Lost Souls";"Dark Fall: Lost Souls"
"Dangerous High School Girls in Trouble";"Dangerous High School Girls in Trouble!™"
"Dandelion -Wishes Brought to You-";"Dandelion - Wishes brought to you -"
"D Series OFF ROAD Racing Simulation";"D Series OFF ROAD Driving Simulation"
"Crysis: Maximum Edition";"Crysis 2 - Maximum Edition"
"Crysis Warhead";"Crysis Warhead®"
"Crusader Kings: Complete Pack";"Crusader Kings Complete"
"Crimson Room: Decade";"CRIMSON ROOM® DECADE"
"Crash Time II";"Crash Time 2"
"Crash Force";"Crash Force®"
"Cossacks: The Art of War";"Cossacks: Art of War"
"CortexGear AngryDroids";"CortexGear:AngryDroids"
"Corona Blossom - Vol. 3: Journey to the Stars";"Corona Blossom Vol.3 Journey to the Stars"
"Corona Blossom - Vol. 2: The Truth From Beyond";"Corona Blossom Vol.2 The Truth From Beyond"
"Corona Blossom - Vol. 1: Gift From the Galaxy";"Corona Blossom Vol.1 Gift From the Galaxy"
"Cooking Dash";"Cooking Dash®"
"Conflict: Desert Storm";"Conflict Desert Storm™"
"Command: Modern Air / Naval Operations";"Command: Modern Air / Naval Operations WOTY"
"Command & Colors: The Great War";"Commands & Colors: The Great War"
"Coma:Mortuary";"Coma: Mortuary"
"CLR: Cannons Lasers Rockets";"Cannons Lasers Rockets"
"Clown House (Palyaco Evi)";"Clown House (Palyaço Evi)"
"Cloudberry Kingdom";"Cloudberry Kingdom™"
"Close Combat: Panthers in Fog";"Close Combat - Panthers in the Fog"
"City Life 2008 Edition";"City Life 2008"
"ChuSingura 46+1 S";"ChuSingura46+1 S"
"Chronicles of a Dark Lord Episode I: Tides of Fate";"Chronicles of a Dark Lord: Episode 1 Tides of Fate Complete"
"Chronicles of a Dark Lord - Episode 2: War of the Abyss";"Chronicles of a Dark Lord: Episode II War of The Abyss"
"Chris Sawyer's Locomotion";"Chris Sawyer's Locomotion™"
"Chocolatier: Decadence by Design";"Chocolatier®: Decadence by Design™"
"Chicka Wars: Chicken Meat";"Chicka Wars | Chicken Meat"
"Champions of Anteria";"Champions of Anteria™"
"Cell: emergence";"Cell HD: emergence"
"Cave Story Plus";"Cave Story+"
"Cat President: A More Purrfect Union";"Cat President ~A More Purrfect Union~"
"Castlevania: Lords of Shadow Ultimate Edition";"Castlevania: Lords of Shadow – Ultimate Edition"
"Castlevania: Lords of Shadow - Mirror of Fate HD";"Castlevania: Lords of Shadow – Mirror of Fate HD"
"Castle Werewolf";"Castle Werewolf 3D"
"Castle Crashers";"Castle Crashers®"
"Casino, Inc.";"Casino Inc."
"Cars: Radiator Springs Adventures";"Disney•Pixar Cars: Radiator Springs Adventures"
"Cars Toon: Mater's Tall Tales";"Disney•Pixar Cars Toon: Mater's Tall Tales"
"Cars Mater-National Championship";"Disney•Pixar Cars Mater-National Championship"
"Cars 2: The Video Game";"Disney•Pixar Cars 2: The Video Game"
"Carnival Games VR";"Carnival Games® VR"
"Carnage Racing";"Carnage Racing ™"
"Carmageddon 3: TDR 2000";"Carmageddon TDR 2000"
"Candice DeBebe's Incredibly Trick Lifestyle";"Candice DeBébé's Incredibly Trick Lifestyle"
"Call of Juarez: The Cartel";"Call of Juarez®: The Cartel"
"Call of Juarez: Gunslinger";"Call of Juarez® Gunslinger"
"Call of Juarez: Bound in Blood";"Call of Juarez®: Bound in Blood"
"Call of Juarez";"Call of Juarez™"
"Call of Duty: Modern Warfare 2";"Call of Duty®: Modern Warfare® 2"
"Call of Duty: Black Ops III";"Call of Duty®: Black Ops III"
"Call of Duty: Black Ops II";"Call of Duty®: Black Ops II"
"Call of Duty: Black Ops";"Call of Duty®: Black Ops"
"Call of Duty 4: Modern Warfare";"Call of Duty® 4: Modern Warfare®"
"Call of Duty 2";"Call of Duty® 2"
"Call of Duty";"Call of Duty®"
"Call of Cthulhu: Dark Corners of the Earth";"Call of Cthulhu®: Dark Corners of the Earth"
"Calibre 10 Racing Series";"Calibre 10 Racing"
"Cake Mania: Main Street";"Cake Mania Main Street™"
"Caesar IV";"Caesar™ IV"
"Cabela's Dangerous Hunts 2013";"Cabela's® Dangerous Hunts 2013"
"Cabela's Big Game Hunter: Trophy Bucks";"Cabela's® Big Game Hunter™ Trophy Bucks"
"Cabela's Big Game Hunter: Pro Hunts";"Cabela's® Big Game Hunter® Pro Hunts"
"Cabela's African Adventures";"Cabela’s® African Adventures"
"BUTTS: The VR Experience";"\BUTTS: The VR Experience\"
"Bus Tycoon ND: Night and Day";"Bus Tycoon ND (Night and Day)"
"Bus Simulator 2012";"Bus-Simulator 2012"
"Burn Zombie Burn";"Burn Zombie Burn!"
"Bunny Must Die: Chelsea and the 7Devils";"Bunny Must Die! Chelsea and the 7 Devils"
"Bullets And More VR";"Bullets And More VR - BAM VR"
"Bridge It";"Bridge It +"
"Bridge 2";"Bridge! 2"
"Brave: The Video Game";"Disney•Pixar Brave: The Video Game"
"Blue Toad Murder Files: The Mysteries of Little Riddle";"Blue Toad Murder Files™: The Mysteries of Little Riddle"
"Blue Estate";"Blue Estate The Game"
"Blood Bowl: Legendary Edition";"Blood Bowl® Legendary Edition"
"Block Story";"Block Story™"
"Blazing Angels 2: Secret Missions of WWII";"Blazing Angels® 2: Secret Missions of WWII"
"BlazBlue: Chrono Phantasma Extend";"BlazBlue: Chronophantasma Extend"
"Bit.Trip Presents...Runner2: Future Legend of Rhythm Alien";"BIT.TRIP Presents... Runner2: Future Legend of Rhythm Alien"
"Birth of Shadows";"Birth of Shadows®"
"BioShock Remastered";"BioShock™ Remastered"
"BioShock 2 Remastered";"BioShock™ 2 Remastered"
"BioShock";"BioShock™"
"Bientot l'ete";"Bientôt l'été"
"Bibou";"Bibou®"
"Beyond Good & Evil";"Beyond Good and Evil™"
"Beware Planet Earth!";"Beware Planet Earth"
"Bertram Fiddle: Episode 1 - A Dreadly Business";"Adventures of Bertram Fiddle: Episode 1: A Dreadly Business"
"Beneath The Cherry Trees";"Beneath The Cherry Trees / 桜の樹の下には"
"Bejeweled 3";"Bejeweled® 3"
"Beijing 2008: The Official Video Game of the Olympic Games";"Beijing 2008™ - The Official Video Game of the Olympic Games"
"Battlefield: Bad Company 2";"Battlefield: Bad Company™ 2"
"BATTLECREW Space Pirates";"BATTLECREW™ Space Pirates"
"BattleBlock Theater";"BattleBlock Theater®"
"Battle Chess: Game of Kings";"Battle Chess: Game of Kings™"
"Batman: Arkham Origins Blackgate - Deluxe Edition";"Batman™: Arkham Origins Blackgate - Deluxe Edition"
"Batman: Arkham Origins";"Batman™: Arkham Origins"
"Batman: Arkham Knight";"Batman™: Arkham Knight"
"Bad Rats: The Rats Revenge";"Bad Rats: the Rats' Revenge"
"Back to the Future: The Game - Episode V: OUTATIME";"Back to the Future: Ep 5 - OUTATIME"
"Back to the Future: The Game - Episode IV: Double Visions";"Back to the Future: Ep 4 - Double Visions"
"Back to the Future: The Game - Episode III: Citizen Brown";"Back to the Future: Ep 3 - Citizen Brown"
"Back to the Future: The Game - Episode II: Get Tannen!";"Back to the Future: Ep 2 - Get Tannen!"
"Attack of the Labyrinth";"Attack of the Labyrinth +"
"Atelier Firis: The Alchemist and the Mysterious Journey";"Atelier Firis: The Alchemist and the Mysterious Journey / フィリスのアトリエ ～不思議な旅の錬金術士～"
"Assassin's Creed: Revelations";"Assassin's Creed® Revelations"
"Assassin's Creed: Director's Cut Edition";"Assassin's Creed™: Director's Cut Edition"
"Assassin's Creed: Brotherhood";"Assassin’s Creed® Brotherhood"
"Assassin's Creed Unity";"Assassin's Creed® Unity"
"Assassin's Creed Syndicate";"Assassin's Creed® Syndicate"
"Assassin's Creed Rogue";"Assassin’s Creed® Rogue"
"Assassin's Creed Liberation HD";"Assassin’s Creed® Liberation HD"
"Assassin's Creed IV: Black Flag";"Assassin’s Creed® IV Black Flag™"
"Assassin's Creed III";"Assassin’s Creed® III"
"Assassin's Creed II: Deluxe Edition";"Assassin's Creed 2 Deluxe Edition"
"Assassin's Creed Chronicles: Russia";"Assassin’s Creed® Chronicles: Russia"
"Assassin's Creed Chronicles: India";"Assassin’s Creed® Chronicles: India"
"Assassin's Creed Chronicles: China";"Assassin’s Creed® Chronicles: China"
"Ashes of Immortality 2";"Ashes of Immortality II"
"Arson & Plunder: Unleashed";"Arson and Plunder: Unleashed"
"Armor Clash";"Armor Clash  [RTS]"
"Armed and Dangerous";"Armed and Dangerous®"
"Arena: Cyber Evolution";"ACE - Arena: Cyber Evolution"
"Archeblade";"ArcheBlade™"
"Arcane Raise";"- Arcane Raise -"
"Arcana Heart 3: LOVEMAX!!!!!";"Arcana Heart 3 LOVE MAX!!!!!"
"Appointment With F.E.A.R.";"Appointment With FEAR"
"Apollo 11 VR Experience";"Apollo 11 VR"
"Aoki Ookami to Shiroki Mejika";"Aoki Ookami to Shiroki Mejika / 蒼き狼と白き牝鹿"
"Another World: 20th Anniversary Edition";"Another World – 20th Anniversary Edition"
"Anno 2205";"Anno 2205™"
"Anno 2070";"Anno 2070™"
"Angel Express: Tokkyu Tenshi";"Angel Express [Tokkyu Tenshi]"
"Amnesia: Memories";"Amnesia™: Memories"
"Amazing World";"Amazing World™"
"Amazing Adventures: The Lost Tomb";"Amazing Adventures The Lost Tomb™"
"Alpha Protocol";"Alpha Protocol™"
"Alone in the Dark: Illumination";"Alone in the Dark: Illumination™"
"All-Stars Dungeons And Diamonds";"ASDAD: All-Stars Dungeons and Diamonds"
"Alicia Griffith: Lakeside Murder";"Alicia Griffith – Lakeside Murder"
"Alice in Wonderland";"Disney Alice in Wonderland"
"Alex Hunter: Lord of the Mind";"Alex Hunter - Lord of the Mind Platinum Edition"
"Alarameth TD";"Alarameth TD™"
"AL-FINE";"AL･FINE"
"Akiba's Trip: Undead & Undressed";"AKIBA'S TRIP: Undead ＆ Undressed"
"AirMech: Command";"AirMech® Command"
"AirMech";"AirMech®"
"Agricultural Simulator 2013";"Agricultural Simulator 2013 - Steam Edition"
"Agricultural Simulator 2012";"Agricultural Simulator 2012: Deluxe Edition"
"AGON: The Mysterious Codex";"AGON - The Mysterious Codex (Trilogy)"
"Age of Empires III: Complete Collection";"Age of Empires® III: Complete Collection"
"Age of Empires II: HD Edition";"Age of Empires II HD"
"Aerofly 2 Flight Simulator";"Aerofly FS 2 Flight Simulator"
"AcrossFlash";"Across Flash"
"Aces of the Galaxy";"Aces of the Galaxy™"
"Acceleration of SUGURI X-Edition";"Acceleration of SUGURI X-Edition HD"
"AaaaaAAaaaAAAaaAAAAaAAAAA!!!: A Reckless Disregard for Gravity";"AaAaAA!!! - A Reckless Disregard for Gravity"
"A.I.M. 2: Clan Wars";"A.I.M.2 Clan Wars"
"A Magical High School Girl";"A Magical High School Girl / 魔法の女子高生"
"A Lenda do Heroi";"A Lenda do Herói"
"A grande bagunca espacial - The big space mess";"A grande bagunça espacial - The big space mess"
"A City Sleeps";"A City Sleeps™"
"911: First Responders";"911: First Responders®"
"8th Wonder of The World";"Cultures - 8th Wonder of the World"
"3D Ultra MiniGolf Adventures";"3D Ultra™ Minigolf Adventures"
"18 Wheels of Steel: Haulin'";"18 Wheels of Steel: Haulin’"
"12 Labours of Hercules V: Kids of Hellas";"12 Labours of Hercules V: Kids of Hellas (Platinum Edition)"
"12 Labours of Hercules IV: Mother Nature";"12 Labours of Hercules IV: Mother Nature (Platinum Edition)"
"1... 2... 3... KICK IT! Drop That Beat Like an Ugly Baby";"1... 2... 3... KICK IT! (Drop That Beat Like an Ugly Baby)"
"\"\\\"Glow Ball\\\" - The billiard puzzle game\"";"\Glow Ball\ - The billiard puzzle game"
